g_fruit,cu,sar
15,1.0303074092072082,1.009113946461157
0,1.4989347257617052,1.604550453423234
10,0.24046742333374435,1.0006066526407456
10,0.2133188647458445,0.9878683835961652
0,0.7397349620599157,1.3656517694788093
0,0.36930640083676203,1.068091523306561
0,4.904045916737026,2.064575673260516
0,4.801160107782659,1.4501916757696067
