g_pres,as,ca_mgl,fe,mo,ph,rel_infil,soil_txtr,sr,zn
present,0.08364709375947357,10.532701184482892,125.357206972428,0.027935723382229133,5.5,fair,sandy loam,1.491687912727604,4.147847804892616
absent,0.24046523155798466,10.75385222054225,201.88561857956364,0.021079386201769263,5.71,slow/fair,sandy loam,2.8570965675787803,1.0767306336355593
present,0.09820005909892951,12.766439867717606,139.65032156397498,0,5.49,fair,sandy loam,2.03030844817878,0.8871955039684911
absent,0.1714626571953721,16.397999414164115,17.910042914421645,0.04439984293793627,5.94,slow,clay loam,2.2691985014652114,3.128587596555389
absent,0.20507332424466065,7.012666550759892,110.25899863059146,0.014709501695019144,5.86,slow/fair,sandy loam,3.523552520993805,1.0198009340871954
present,0.17590352378333224,9.411059764209956,80.04754141458564,0.051935210468282304,5.81,slow/fair,sandy loam,2.4281023031761446,1.12967796480346
absent,0.20617991495999227,8.238107795457744,52.24374585665283,0.018190628239846855,5.72,slow/fair,sandy loam,3.269484038439153,1.8918730453960453
absent,0.031931473027396295,27.3842098591162,60.60779564751284,0.07432703038474692,6.23,fair/slow,loam,1.2786473382832546,9.061235669306852
