g_flwr,cation,fe,mo,ph,rel_infil
0,2.4419581391010965,106.47299723444999,0.04221146414132785,5.9,slow
16,2.371205839989834,59.461489815402224,0.016320695892226206,5.8,slow
0,1.855107267278747,201.88561857956364,0.021079386201769263,5.71,slow/fair
0,2.209960592750064,70.2929758703828,0.058277261501982994,5.73,fair/slow
60,1.874677674608799,135.8114734446933,0,5.76,slow/fair
0,6.844942172697829,91.4513618826466,0,6.17,slow/fair
0,3.392950255585953,43.557331121590664,0.02199703258834481,5.7,slow/fair
0,1.6990273744062228,52.24374585665283,0.018190628239846855,5.72,slow/fair
