g_repro,al
1257.6,9.706326053306322
1076.7,5.316303890121321
24650,5.006105301369801
0,0
105.6,0
18,0.5164951201223033
0,0
0,0
