g_repro,plant
125.39999999999999,111
0,96
1079.5,90
374.15384615384625,66
0,108
0,103
18,121
0,90
