g_head,al,as,rel_infil
6.9,0,0.14445039895288095,fair/slow
0,0,0.24046523155798466,slow/fair
10.5,11.367694419466966,0.09410104648508931,fair
12.7,5.543404625676512,0.09820005909892951,fair
2.461538461538462,0,0.16939313583289728,fair/slow
5.9,3.749499367572,0.09108786689272419,fair
0,0,0.1810295975501618,slow
0,0,0.03083534248039012,slow/fair
