g_cnt,al,hlf_sat
650,0,0.23281824256598738
299,2.849588573218308,0.2242288192263784
85,5.543404625676512,0.22568436385066626
12,0,0.22865515878214687
12,0,0.2320305903937223
22,0,0.21010745982645307
0,0,0.294415512465374
0,0,0.3938114167881944
