g_ht,as,ca,cation,fe,mo,ph,rel_infil,zn
0,0.19805272840390348,520.5113182268317,1.769469445922583,43.37882681617313,0.02673095851949918,6,fair/slow,0.9328208100601816
16.6,0.09820005909892951,378.7677185847436,2.15888428643134,139.65032156397498,0,5.49,fair,0.8871955039684911
6.25,0.17964846774627588,486.09827833146136,2.7016672462031144,114.39526839578154,0.0456209161846648,5.72,fair,0.7730452694808495
12.9,0.09108786689272419,350.45864930626607,1.6963186153269252,207.5262809503859,0,5.39,fair,0.7591460057804542
0,0.18122281491062583,471.3950910677243,3.392950255585953,43.557331121590664,0.02199703258834481,5.7,slow/fair,2.886953238650181
0,0.17076418080945538,441.75493798753865,2.1899791644572244,141.14854531071268,0.0410624016566983,5.87,fair/slow,2.0815248825494246
0,0.030778358525030646,444.776311031347,2.563313123533898,40.925896688714225,0.06135576462401636,5.99,slow/fair,8.275926905554497
0,0.031931473027396295,564.7428217669301,3.9391914064935016,60.60779564751284,0.07432703038474692,6.23,fair/slow,9.061235669306852
