g_veg,al,li,pb,rel_infil
3,0,0.21064426571940964,1.2366800701698295,slow/fair
8,5.316303890121321,0.14206021354594867,0.5528041535274967,fair
20,5.543404625676512,0.1467925951091133,0.8492867646265421,fair
0,0,0.1924913494714415,1.1350194362610495,slow/fair
0,0,0.1716643748026748,1.0041676075358672,slow/fair
0,0,0.19414712167319143,0.3564535538089836,fair/slow
34,0.5164951201223033,0.18794211932565572,0.7180378682756668,slow/fair
0,0,0.20672107568308806,1.899725068853495,slow
