g_repro,asp_cir,bare,dstrb_cir,slp_pos,slp_deg_cir
125.39999999999999,NE,5,12,1,12
110.25,SW,7,1,0,8
1674.3999999999999,SW,20,20,0,7
0,SE,5,7,0,15
123.99999999999997,S,6,3,0,10
105.6,E,7,7,1,10
49,N,5,2,1,7
0,SE,2,5,0,7
