Predictor variable,Categorical,Sample average
hrb_ht,false,11.541666666666666
nonnativ,false,79.61111111111111
plant,false,92.55555555555556
wt_g,false,19.833333333333332
