g_pres,as,ca_mgl,fe,mo,ph,rel_infil,soil_txtr,sr,zn
1,0.08364709375947357,10.532701184482892,125.357206972428,0.027935723382229133,5.5,1,4,1.491687912727604,4.147847804892616
1,0.09410104648508931,9.8936728733026,90.92313926545962,0,5.73,1,4,2.2559314753118174,0.574418871793731
1,0.07314094791515688,7.282785171365369,112.63416189292005,0.040733146983255884,5.51,1,4,1.7020968295669046,0.6913108116684685
1,0.09820005909892951,12.766439867717606,139.65032156397498,0,5.49,1,4,2.03030844817878,0.8871955039684911
1,0.09108786689272419,8.858155516358806,207.5262809503859,0,5.39,1,4,1.8603226349775193,0.7591460057804542
1,0.19018529570831766,7.253136441163218,135.8114734446933,0,5.76,4,4,3.093801441478816,0.6771431862913511
0,0.1810295975501618,21.975340853636023,8.677078496909008,0.02355427326048781,6.74,3,1,2.237694031488712,1.0067028289783007
0,0.20617991495999227,8.238107795457744,52.24374585665283,0.018190628239846855,5.72,4,4,3.269484038439153,1.8918730453960453
